_c0,signal_std,signal_rad,pluie,baseline_std,baseline_rad,pluvio_db_std,pluvio_db_rad
2023-02-23 13:40:00,-17.53,-26.6,0.0,-17.53,-26.6,0.0,0.0
2023-02-23 13:41:00,-17.57,-26.62,0.0,-17.57,-26.62,0.0,0.0
2023-02-23 13:42:00,-17.5,-26.61,0.0,-17.5,-26.61,0.0,0.0
2023-02-23 13:43:00,-17.66,-26.59,0.0,-17.66,-26.59,0.0,0.0
2023-02-23 13:44:00,-17.44,-26.56,0.0,-17.44,-26.56,0.0,0.0
2023-02-23 13:45:00,-17.57,-26.56,0.0,-17.57,-26.56,0.0,0.0
2023-02-23 13:46:00,-17.55,-26.58,0.0,-17.55,-26.58,0.0,0.0
2023-02-23 13:47:00,-17.59,-26.6,0.0,-17.59,-26.6,0.0,0.0
2023-02-23 13:48:00,-17.52,-26.54,0.0,-17.52,-26.54,0.0,0.0
2023-02-23 13:49:00,-17.47,-26.56,0.0,-17.47,-26.56,0.0,0.0
2023-02-23 13:50:00,-17.45,-26.58,0.0,-17.45,-26.58,0.0,0.0
2023-02-23 13:51:00,-17.45,-26.57,0.0,-17.45,-26.57,0.0,0.0
2023-02-23 13:52:00,-17.55,-26.56,0.0,-17.55,-26.56,0.0,0.0
2023-02-23 13:53:00,-17.56,-26.56,0.0,-17.56,-26.56,0.0,0.0
2023-02-23 13:54:00,-17.46,-26.57,0.0,-17.46,-26.57,0.0,0.0
2023-02-23 13:55:00,-17.47,-26.52,0.0,-17.47,-26.52,0.0,0.0
2023-02-23 13:56:00,-17.45,-26.58,0.0,-17.45,-26.58,0.0,0.0
2023-02-23 13:57:00,-17.44,-26.51,0.0,-17.44,-26.51,0.0,0.0
2023-02-23 13:58:00,-17.38,-26.55,0.0,-17.38,-26.55,0.0,0.0
2023-02-23 13:59:00,-17.45,-26.59,0.0,-17.45,-26.59,0.0,0.0
2023-02-23 14:00:00,-17.43,-26.56,0.0,-17.43,-26.56,0.0,0.0
2023-02-23 14:01:00,-17.48,-26.57,0.0,-17.48,-26.57,0.0,0.0
2023-02-23 14:02:00,-17.49,-26.59,0.0,-17.49,-26.59,0.0,0.0
2023-02-23 14:03:00,-17.5,-26.59,0.0,-17.5,-26.59,0.0,0.0
2023-02-23 14:04:00,-17.46,-26.55,0.0,-17.46,-26.55,0.0,0.0
2023-02-23 14:05:00,-17.55,-26.56,0.0,-17.55,-26.56,0.0,0.0
2023-02-23 14:06:00,-17.43,-26.6,0.0,-17.43,-26.6,0.0,0.0
2023-02-23 14:07:00,,,0.0,-17.400002,-26.6,,
2023-02-23 14:08:00,-17.37,-26.6,0.0,-17.37,-26.6,0.0,0.0
2023-02-23 14:09:00,-17.49,-26.58,0.0,-17.49,-26.58,0.0,0.0
2023-02-23 14:10:00,-17.52,-26.56,0.0,-17.52,-26.56,0.0,0.0
2023-02-23 14:11:00,-17.43,-26.55,0.0,-17.43,-26.55,0.0,0.0
2023-02-23 14:12:00,-17.37,-26.56,0.0,-17.37,-26.56,0.0,0.0
2023-02-23 14:13:00,-17.46,-26.59,0.0,-17.46,-26.59,0.0,0.0
2023-02-23 14:14:00,-17.37,-26.57,0.0,-17.37,-26.57,0.0,0.0
2023-02-23 14:15:00,-17.38,-26.6,0.0,-17.38,-26.6,0.0,0.0
2023-02-23 14:16:00,-17.47,-26.58,0.0,-17.47,-26.58,0.0,0.0
2023-02-23 14:17:00,-17.42,-26.59,0.0,-17.42,-26.59,0.0,0.0
2023-02-23 14:18:00,-17.38,-26.59,0.0,-17.38,-26.59,0.0,0.0
2023-02-23 14:19:00,-17.41,-26.61,0.0,-17.41,-26.61,0.0,0.0
2023-02-23 14:20:00,-17.46,-26.59,0.0,-17.46,-26.59,0.0,0.0
2023-02-23 14:21:00,-17.51,-26.58,0.0,-17.51,-26.58,0.0,0.0
2023-02-23 14:22:00,-17.57,-26.59,0.0,-17.57,-26.59,0.0,0.0
2023-02-23 14:23:00,-17.57,-26.6,0.0,-17.57,-26.6,0.0,0.0
2023-02-23 14:24:00,-17.58,-26.55,0.0,-17.58,-26.55,0.0,0.0
2023-02-23 14:25:00,-17.64,-26.61,0.0,-17.64,-26.61,0.0,0.0
2023-02-23 14:26:00,-17.41,-26.58,0.0,-17.41,-26.58,0.0,0.0
2023-02-23 14:27:00,-17.43,-26.57,0.0,-17.43,-26.57,0.0,0.0
2023-02-23 14:28:00,-17.52,-26.59,0.0,-17.52,-26.59,0.0,0.0
2023-02-23 14:29:00,-17.44,-26.57,0.0,-17.44,-26.57,0.0,0.0
2023-02-23 14:30:00,-17.56,-26.58,0.0,-17.56,-26.58,0.0,0.0
2023-02-23 14:31:00,-17.45,-26.6,0.0,-17.45,-26.6,0.0,0.0
2023-02-23 14:32:00,-17.42,-26.58,0.0,-17.42,-26.58,0.0,0.0
2023-02-23 14:33:00,-17.33,-26.62,0.0,-17.33,-26.62,0.0,0.0
2023-02-23 14:34:00,-17.55,-26.61,0.0,-17.55,-26.61,0.0,0.0
2023-02-23 14:35:00,-17.39,-26.58,0.0,-17.39,-26.58,0.0,0.0
2023-02-23 14:36:00,-17.49,-26.59,0.0,-17.49,-26.59,0.0,0.0
2023-02-23 14:37:00,-17.42,-26.59,0.0,-17.42,-26.59,0.0,0.0
2023-02-23 14:38:00,-17.48,-26.59,0.0,-17.48,-26.59,0.0,0.0
2023-02-23 14:39:00,-17.53,-26.55,0.0,-17.53,-26.55,0.0,0.0
2023-02-23 14:40:00,-17.33,-26.57,0.0,-17.33,-26.57,0.0,0.0
2023-02-23 14:41:00,-17.56,-26.54,0.0,-17.56,-26.54,0.0,0.0
2023-02-23 14:42:00,-17.37,-26.58,0.0,-17.37,-26.58,0.0,0.0
2023-02-23 14:43:00,-17.42,-26.57,0.0,-17.42,-26.57,0.0,0.0
2023-02-23 14:44:00,-17.52,-26.55,0.0,-17.52,-26.55,0.0,0.0
2023-02-23 14:45:00,-17.35,-26.59,0.0,-17.35,-26.59,0.0,0.0
2023-02-23 14:46:00,-17.55,-26.56,0.0,-17.55,-26.56,0.0,0.0
2023-02-23 14:47:00,-17.48,-26.55,0.0,-17.48,-26.55,0.0,0.0
2023-02-23 14:48:00,-17.45,-26.51,0.0,-17.45,-26.51,0.0,0.0
2023-02-23 14:49:00,-17.53,-26.5,0.0,-17.53,-26.5,0.0,0.0
2023-02-23 14:50:00,-17.41,-26.48,0.0,-17.41,-26.48,0.0,0.0
2023-02-23 14:51:00,-17.54,-26.46,0.0,-17.54,-26.46,0.0,0.0
2023-02-23 14:52:00,-17.41,-26.51,0.0,-17.41,-26.51,0.0,0.0
2023-02-23 14:53:00,-17.32,-26.5,0.0,-17.32,-26.5,0.0,0.0
2023-02-23 14:54:00,-17.58,-26.48,0.0,-17.58,-26.48,0.0,0.0
2023-02-23 14:55:00,-17.42,-26.46,0.0,-17.42,-26.46,0.0,0.0
2023-02-23 14:56:00,-17.44,-26.47,0.0,-17.44,-26.47,0.0,0.0
2023-02-23 14:57:00,-17.38,-26.46,0.0,-17.38,-26.46,0.0,0.0
2023-02-23 14:58:00,-17.42,-26.5,0.0,-17.42,-26.5,0.0,0.0
2023-02-23 14:59:00,-17.39,-26.5,0.0,-17.39,-26.5,0.0,0.0
2023-02-23 15:00:00,-17.35,-26.46,0.0,-17.35,-26.46,0.0,0.0
2023-02-23 15:01:00,-17.45,-26.51,0.0,-17.45,-26.51,0.0,0.0
2023-02-23 15:02:00,-17.4,-26.46,0.0,-17.4,-26.46,0.0,0.0
2023-02-23 15:03:00,-17.33,-26.51,0.0,-17.33,-26.51,0.0,0.0
2023-02-23 15:04:00,-17.41,-26.49,0.0,-17.41,-26.49,0.0,0.0
2023-02-23 15:05:00,-17.48,-26.43,0.0,-17.48,-26.43,0.0,0.0
2023-02-23 15:06:00,-17.36,-26.49,0.0,-17.36,-26.49,0.0,0.0
2023-02-23 15:07:00,-17.38,-26.53,0.0,-17.38,-26.53,0.0,0.0
2023-02-23 15:08:00,-17.44,-26.56,0.0,-17.44,-26.56,0.0,0.0
2023-02-23 15:09:00,-17.5,-26.53,0.0,-17.5,-26.53,0.0,0.0
2023-02-23 15:10:00,-17.42,-26.54,0.0,-17.42,-26.54,0.0,0.0
2023-02-23 15:11:00,-17.39,-26.55,0.0,-17.39,-26.55,0.0,0.0
2023-02-23 15:12:00,-17.44,-26.54,0.0,-17.44,-26.54,0.0,0.0
2023-02-23 15:13:00,-17.5,-26.5,0.0,-17.5,-26.5,0.0,0.0
2023-02-23 15:14:00,-17.45,-26.54,0.0,-17.45,-26.54,0.0,0.0
2023-02-23 15:15:00,-17.33,-26.51,0.0,-17.33,-26.51,0.0,0.0
2023-02-23 15:16:00,-17.42,-26.52,0.0,-17.42,-26.52,0.0,0.0
2023-02-23 15:17:00,-17.44,-26.54,0.0,-17.44,-26.54,0.0,0.0
2023-02-23 15:18:00,-17.52,-26.58,0.0,-17.52,-26.58,0.0,0.0
2023-02-23 15:19:00,-17.4,-26.49,0.0,-17.4,-26.49,0.0,0.0
2023-02-23 15:20:00,-17.51,-26.45,0.0,-17.51,-26.45,0.0,0.0
2023-02-23 15:21:00,-17.41,-26.5,0.0,-17.41,-26.5,0.0,0.0
2023-02-23 15:22:00,-17.45,-26.52,0.0,-17.45,-26.52,0.0,0.0
2023-02-23 15:23:00,-17.37,-26.54,0.0,-17.37,-26.54,0.0,0.0
2023-02-23 15:24:00,-17.4,-26.48,0.0,-17.4,-26.48,0.0,0.0
2023-02-23 15:25:00,-17.3,-26.45,0.0,-17.3,-26.45,0.0,0.0
2023-02-23 15:26:00,-17.52,-26.45,0.0,-17.52,-26.45,0.0,0.0
2023-02-23 15:27:00,-17.35,-26.51,0.0,-17.35,-26.51,0.0,0.0
2023-02-23 15:28:00,-17.34,-26.49,0.0,-17.34,-26.49,0.0,0.0
2023-02-23 15:29:00,-17.55,-26.44,0.0,-17.55,-26.44,0.0,0.0
2023-02-23 15:30:00,-17.41,-26.47,0.0,-17.41,-26.47,0.0,0.0
2023-02-23 15:31:00,-17.27,-26.45,0.0,-17.27,-26.45,0.0,0.0
2023-02-23 15:32:00,-17.42,-26.36,0.0,-17.42,-26.36,0.0,0.0
2023-02-23 15:33:00,-17.26,-26.39,0.0,-17.26,-26.39,0.0,0.0
2023-02-23 15:34:00,-17.38,-26.43,0.0,-17.38,-26.43,0.0,0.0
2023-02-23 15:35:00,-17.34,-26.4,0.0,-17.34,-26.4,0.0,0.0
2023-02-23 15:36:00,-17.45,-26.42,0.0,-17.45,-26.42,0.0,0.0
2023-02-23 15:37:00,-17.2,-26.38,0.0,-17.2,-26.38,0.0,0.0
2023-02-23 15:38:00,-17.39,-26.39,0.0,-17.39,-26.39,0.0,0.0
2023-02-23 15:39:00,-17.29,-26.32,0.0,-17.29,-26.32,0.0,0.0
2023-02-23 15:40:00,-17.36,-26.4,0.0,-17.36,-26.4,0.0,0.0
2023-02-23 15:41:00,-17.28,-26.4,0.0,-17.28,-26.4,0.0,0.0
2023-02-23 15:42:00,-17.35,-26.38,0.0,-17.35,-26.38,0.0,0.0
2023-02-23 15:43:00,-17.4,-26.32,0.0,-17.4,-26.32,0.0,0.0
2023-02-23 15:44:00,-17.49,-26.32,0.0,-17.49,-26.32,0.0,0.0
2023-02-23 15:45:00,-17.45,-26.39,0.0,-17.45,-26.39,0.0,0.0
2023-02-23 15:46:00,-17.34,-26.4,0.0,-17.34,-26.4,0.0,0.0
2023-02-23 15:47:00,-17.31,-26.37,0.0,-17.31,-26.37,0.0,0.0
2023-02-23 15:48:00,-17.39,-26.4,0.0,-17.39,-26.4,0.0,0.0
2023-02-23 15:49:00,-17.37,-26.4,0.0,-17.37,-26.4,0.0,0.0
2023-02-23 15:50:00,-17.34,-26.39,0.0,-17.34,-26.39,0.0,0.0
2023-02-23 15:51:00,-17.35,-26.33,0.0,-17.35,-26.33,0.0,0.0
2023-02-23 15:52:00,-17.38,-26.38,0.0,-17.38,-26.38,0.0,0.0
2023-02-23 15:53:00,-17.31,-26.35,0.0,-17.31,-26.35,0.0,0.0
2023-02-23 15:54:00,-17.32,-26.41,0.0,-17.32,-26.41,0.0,0.0
2023-02-23 15:55:00,-17.34,-26.36,0.0,-17.34,-26.36,0.0,0.0
2023-02-23 15:56:00,-17.29,-26.39,0.0,-17.29,-26.39,0.0,0.0
2023-02-23 15:57:00,-17.24,-26.35,0.0,-17.24,-26.35,0.0,0.0
2023-02-23 15:58:00,-17.38,-26.43,0.0,-17.38,-26.43,0.0,0.0
2023-02-23 15:59:00,-17.37,-26.37,0.0,-17.37,-26.37,0.0,0.0
2023-02-23 16:00:00,-17.22,-26.38,0.0,-17.22,-26.38,0.0,0.0
2023-02-23 16:01:00,-17.32,-26.39,0.0,-17.32,-26.39,0.0,0.0
2023-02-23 16:02:00,-17.45,-26.36,0.0,-17.45,-26.36,0.0,0.0
2023-02-23 16:03:00,-17.37,-26.39,0.0,-17.37,-26.39,0.0,0.0
2023-02-23 16:04:00,-17.44,-26.4,0.0,-17.44,-26.4,0.0,0.0
2023-02-23 16:05:00,-17.27,-26.39,0.0,-17.27,-26.39,0.0,0.0
2023-02-23 16:06:00,-17.32,-26.37,0.0,-17.32,-26.37,0.0,0.0
2023-02-23 16:07:00,-17.32,-26.37,0.0,-17.32,-26.37,0.0,0.0
2023-02-23 16:08:00,-17.39,-26.39,0.0,-17.39,-26.39,0.0,0.0
2023-02-23 16:09:00,-17.26,-26.41,0.0,-17.26,-26.41,0.0,0.0
2023-02-23 16:10:00,-17.51,-26.37,0.0,-17.51,-26.37,0.0,0.0
2023-02-23 16:11:00,-17.28,-26.41,0.0,-17.28,-26.41,0.0,0.0
2023-02-23 16:12:00,-17.42,-26.38,0.0,-17.42,-26.38,0.0,0.0
2023-02-23 16:13:00,-17.43,-26.37,0.0,-17.43,-26.37,0.0,0.0
2023-02-23 16:14:00,-17.52,-26.32,0.0,-17.52,-26.32,0.0,0.0
2023-02-23 16:15:00,-17.45,-26.37,0.0,-17.45,-26.37,0.0,0.0
2023-02-23 16:16:00,-17.26,-26.34,0.0,-17.26,-26.34,0.0,0.0
2023-02-23 16:17:00,-17.37,-26.36,0.0,-17.37,-26.36,0.0,0.0
2023-02-23 16:18:00,-17.26,-26.38,0.0,-17.26,-26.38,0.0,0.0
2023-02-23 16:19:00,-17.22,-26.34,0.0,-17.22,-26.34,0.0,0.0
2023-02-23 16:20:00,-17.54,-26.29,0.0,-17.54,-26.29,0.0,0.0
2023-02-23 16:21:00,-17.16,-26.32,0.0,-17.16,-26.32,0.0,0.0
2023-02-23 16:22:00,-17.33,-26.34,0.0,-17.33,-26.34,0.0,0.0
2023-02-23 16:23:00,-17.31,-26.29,0.0,-17.31,-26.29,0.0,0.0
2023-02-23 16:24:00,-17.37,-26.32,0.0,-17.37,-26.32,0.0,0.0
2023-02-23 16:25:00,-17.31,-26.34,0.0,-17.31,-26.34,0.0,0.0
2023-02-23 16:26:00,-17.29,-26.35,0.0,-17.29,-26.35,0.0,0.0
2023-02-23 16:27:00,-17.27,-26.33,0.0,-17.27,-26.33,0.0,0.0
2023-02-23 16:28:00,-17.31,-26.32,0.0,-17.31,-26.32,0.0,0.0
2023-02-23 16:29:00,-17.23,-26.34,0.0,-17.23,-26.34,0.0,0.0
2023-02-23 16:30:00,-17.43,-26.41,0.0,-17.43,-26.41,0.0,0.0
2023-02-23 16:31:00,-17.37,-26.32,0.0,-17.37,-26.32,0.0,0.0
2023-02-23 16:32:00,-17.27,-26.35,0.0,-17.27,-26.35,0.0,0.0
2023-02-23 16:33:00,-17.38,-26.32,0.0,-17.38,-26.32,0.0,0.0
2023-02-23 16:34:00,-17.41,-26.32,0.0,-17.41,-26.32,0.0,0.0
2023-02-23 16:35:00,-17.32,-26.32,0.0,-17.32,-26.32,0.0,0.0
2023-02-23 16:36:00,-17.29,-26.34,0.0,-17.29,-26.34,0.0,0.0
2023-02-23 16:37:00,-17.32,-26.32,0.0,-17.32,-26.32,0.0,0.0
2023-02-23 16:38:00,-17.29,-26.32,0.0,-17.29,-26.32,0.0,0.0
2023-02-23 16:39:00,-17.3,-26.28,0.0,-17.3,-26.28,0.0,0.0
2023-02-23 16:40:00,-17.24,-26.31,0.0,-17.24,-26.31,0.0,0.0
2023-02-23 16:41:00,-17.24,-26.28,0.0,-17.24,-26.28,0.0,0.0
2023-02-23 16:42:00,-17.21,-26.22,0.0,-17.21,-26.22,0.0,0.0
2023-02-23 16:43:00,-17.25,-26.29,0.0,-17.25,-26.29,0.0,0.0
2023-02-23 16:44:00,-17.09,-26.31,0.0,-17.09,-26.31,0.0,0.0
2023-02-23 16:45:00,-17.08,-26.27,0.0,-17.08,-26.27,0.0,0.0
2023-02-23 16:46:00,-17.39,-26.15,0.0,-17.39,-26.15,0.0,0.0
2023-02-23 16:47:00,-17.18,-26.26,0.0,-17.18,-26.26,0.0,0.0
2023-02-23 16:48:00,-17.13,-26.25,0.0,-17.13,-26.25,0.0,0.0
2023-02-23 16:49:00,-17.19,-26.27,0.0,-17.19,-26.27,0.0,0.0
2023-02-23 16:50:00,-17.02,-26.25,0.0,-17.02,-26.25,0.0,0.0
2023-02-23 16:51:00,-17.11,-26.27,0.0,-17.11,-26.27,0.0,0.0
2023-02-23 16:52:00,-17.16,-26.25,0.0,-17.16,-26.25,0.0,0.0
2023-02-23 16:53:00,-17.33,-26.26,0.0,-17.33,-26.26,0.0,0.0
2023-02-23 16:54:00,-17.2,-26.24,0.0,-17.2,-26.24,0.0,0.0
2023-02-23 16:55:00,-17.23,-26.27,0.0,-17.23,-26.27,0.0,0.0
2023-02-23 16:56:00,-17.16,-26.23,0.0,-17.16,-26.23,0.0,0.0
2023-02-23 16:57:00,-17.16,-26.29,0.0,-17.16,-26.29,0.0,0.0
2023-02-23 16:58:00,-17.31,-26.25,0.0,-17.31,-26.25,0.0,0.0
2023-02-23 16:59:00,-17.17,-26.27,0.0,-17.17,-26.27,0.0,0.0
2023-02-23 17:00:00,-16.96,-26.27,0.0,-16.96,-26.27,0.0,0.0
2023-02-23 17:01:00,-17.17,-26.26,0.0,-17.17,-26.26,0.0,0.0
2023-02-23 17:02:00,-17.27,-26.29,0.0,-17.27,-26.29,0.0,0.0
2023-02-23 17:03:00,-17.12,-26.25,0.0,-17.12,-26.25,0.0,0.0
2023-02-23 17:04:00,-17.2,-26.27,0.0,-17.2,-26.27,0.0,0.0
2023-02-23 17:05:00,-17.15,-26.24,0.0,-17.15,-26.24,0.0,0.0
2023-02-23 17:06:00,-17.14,-26.27,0.0,-17.14,-26.27,0.0,0.0
2023-02-23 17:07:00,-17.18,-26.23,0.0,-17.18,-26.23,0.0,0.0
2023-02-23 17:08:00,-17.22,-26.25,0.0,-17.22,-26.25,0.0,0.0
2023-02-23 17:09:00,-17.17,-26.25,0.0,-17.17,-26.25,0.0,0.0
2023-02-23 17:10:00,-17.21,-26.27,0.0,-17.21,-26.27,0.0,0.0
2023-02-23 17:11:00,-17.28,-26.24,0.0,-17.28,-26.24,0.0,0.0
2023-02-23 17:12:00,-17.22,-26.27,0.0,-17.22,-26.27,0.0,0.0
2023-02-23 17:13:00,-17.15,-26.23,0.0,-17.15,-26.23,0.0,0.0
2023-02-23 17:14:00,-17.23,-26.25,0.0,-17.23,-26.25,0.0,0.0
2023-02-23 17:15:00,-17.14,-26.26,0.0,-17.14,-26.26,0.0,0.0
2023-02-23 17:16:00,-17.17,-26.23,0.0,-17.17,-26.23,0.0,0.0
2023-02-23 17:17:00,-17.18,-26.27,0.0,-17.18,-26.27,0.0,0.0
2023-02-23 17:18:00,-17.2,-26.27,0.0,-17.2,-26.27,0.0,0.0
2023-02-23 17:19:00,-17.16,-26.25,0.0,-17.16,-26.25,0.0,0.0
2023-02-23 17:20:00,-17.2,-26.25,0.0,-17.2,-26.25,0.0,0.0
2023-02-23 17:21:00,-17.18,-26.28,0.0,-17.18,-26.28,0.0,0.0
2023-02-23 17:22:00,-17.13,-26.25,0.0,-17.13,-26.25,0.0,0.0
2023-02-23 17:23:00,-17.21,-26.23,0.0,-17.21,-26.23,0.0,0.0
2023-02-23 17:24:00,-17.11,-26.24,0.0,-17.11,-26.24,0.0,0.0
2023-02-23 17:25:00,-17.11,-26.24,0.0,-17.11,-26.24,0.0,0.0
2023-02-23 17:26:00,-17.25,-26.23,0.0,-17.25,-26.23,0.0,0.0
2023-02-23 17:27:00,-17.19,-26.23,0.0,-17.19,-26.23,0.0,0.0
2023-02-23 17:28:00,-17.13,-26.24,0.0,-17.13,-26.24,0.0,0.0
2023-02-23 17:29:00,-17.07,-26.26,0.0,-17.07,-26.26,0.0,0.0
2023-02-23 17:30:00,-17.1,-26.22,0.0,-17.1,-26.22,0.0,0.0
2023-02-23 17:31:00,-17.24,-26.25,0.0,-17.24,-26.25,0.0,0.0
2023-02-23 17:32:00,-17.14,-26.24,0.0,-17.14,-26.24,0.0,0.0
2023-02-23 17:33:00,-17.07,-26.22,0.0,-17.07,-26.22,0.0,0.0
2023-02-23 17:34:00,-17.23,-26.22,0.0,-17.23,-26.22,0.0,0.0
2023-02-23 17:35:00,-17.12,-26.24,0.0,-17.12,-26.24,0.0,0.0
2023-02-23 17:36:00,-17.18,-26.23,0.0,-17.18,-26.23,0.0,0.0
2023-02-23 17:37:00,-17.07,-26.22,0.0,-17.07,-26.22,0.0,0.0
2023-02-23 17:38:00,-17.34,-26.22,0.0,-17.34,-26.22,0.0,0.0
2023-02-23 17:39:00,-17.14,-26.22,0.0,-17.14,-26.22,0.0,0.0
2023-02-23 17:40:00,-17.14,-26.19,0.0,-17.14,-26.19,0.0,0.0
2023-02-23 17:41:00,-17.13,-26.24,0.0,-17.13,-26.24,0.0,0.0
2023-02-23 17:42:00,-17.12,-26.23,0.0,-17.12,-26.23,0.0,0.0
2023-02-23 17:43:00,-17.06,-26.26,0.0,-17.06,-26.26,0.0,0.0
2023-02-23 17:44:00,-17.19,-26.21,0.0,-17.19,-26.21,0.0,0.0
2023-02-23 17:45:00,-17.09,-26.25,0.0,-17.09,-26.25,0.0,0.0
2023-02-23 17:46:00,-17.29,-26.24,0.0,-17.29,-26.24,0.0,0.0
2023-02-23 17:47:00,-17.05,-26.25,0.0,-17.05,-26.25,0.0,0.0
2023-02-23 17:48:00,-17.22,-26.24,0.0,-17.22,-26.24,0.0,0.0
2023-02-23 17:49:00,-17.14,-26.18,0.0,-17.14,-26.18,0.0,0.0
2023-02-23 17:50:00,-17.17,-26.22,0.0,-17.17,-26.22,0.0,0.0
2023-02-23 17:51:00,-17.21,-26.25,0.0,-17.21,-26.25,0.0,0.0
2023-02-23 17:52:00,-17.12,-26.25,0.0,-17.12,-26.25,0.0,0.0
2023-02-23 17:53:00,-17.23,-26.23,0.0,-17.23,-26.23,0.0,0.0
2023-02-23 17:54:00,-17.07,-26.27,0.0,-17.07,-26.27,0.0,0.0
2023-02-23 17:55:00,-17.27,-26.22,0.0,-17.27,-26.22,0.0,0.0
2023-02-23 17:56:00,-17.17,-26.2,0.0,-17.17,-26.2,0.0,0.0
2023-02-23 17:57:00,-17.18,-26.26,0.0,-17.18,-26.26,0.0,0.0
2023-02-23 17:58:00,-17.1,-26.23,0.0,-17.1,-26.23,0.0,0.0
2023-02-23 17:59:00,-17.05,-26.24,0.0,-17.05,-26.24,0.0,0.0
2023-02-23 18:00:00,-17.06,-26.19,0.0,-17.06,-26.19,0.0,0.0
2023-02-23 18:01:00,-17.06,-26.18,0.0,-17.06,-26.18,0.0,0.0
2023-02-23 18:02:00,-17.24,-26.23,0.0,-17.24,-26.23,0.0,0.0
2023-02-23 18:03:00,-17.38,-26.23,0.0,-17.38,-26.23,0.0,0.0
2023-02-23 18:04:00,-17.19,-26.19,0.0,-17.19,-26.19,0.0,0.0
2023-02-23 18:05:00,-17.12,-26.22,0.0,-17.12,-26.22,0.0,0.0
2023-02-23 18:06:00,-17.16,-26.2,0.0,-17.16,-26.2,0.0,0.0
2023-02-23 18:07:00,-17.13,-26.23,0.0,-17.13,-26.23,0.0,0.0
2023-02-23 18:08:00,-17.23,-26.18,0.0,-17.23,-26.18,0.0,0.0
2023-02-23 18:09:00,-17.22,-26.19,0.0,-17.22,-26.19,0.0,0.0
2023-02-23 18:10:00,-17.19,-26.24,0.0,-17.19,-26.24,0.0,0.0
2023-02-23 18:11:00,-17.1,-26.22,0.0,-17.1,-26.22,0.0,0.0
2023-02-23 18:12:00,-17.26,-26.2,0.0,-17.26,-26.2,0.0,0.0
2023-02-23 18:13:00,-17.25,-26.16,0.0,-17.25,-26.16,0.0,0.0
2023-02-23 18:14:00,-17.17,-26.2,0.0,-17.17,-26.2,0.0,0.0
2023-02-23 18:15:00,-17.16,-26.23,0.0,-17.16,-26.23,0.0,0.0
2023-02-23 18:16:00,-17.16,-26.22,0.0,-17.16,-26.22,0.0,0.0
2023-02-23 18:17:00,-17.11,-26.18,0.0,-17.11,-26.18,0.0,0.0
2023-02-23 18:18:00,-17.27,-26.21,0.0,-17.27,-26.21,0.0,0.0
2023-02-23 18:19:00,-17.36,-26.21,0.0,-17.36,-26.21,0.0,0.0
2023-02-23 18:20:00,-17.19,-26.21,0.0,-17.19,-26.21,0.0,0.0
2023-02-23 18:21:00,-17.12,-26.21,0.0,-17.12,-26.21,0.0,0.0
2023-02-23 18:22:00,-17.27,-26.22,0.0,-17.27,-26.22,0.0,0.0
2023-02-23 18:23:00,-17.14,-26.19,0.0,-17.14,-26.19,0.0,0.0
2023-02-23 18:24:00,-17.15,-26.19,0.0,-17.15,-26.19,0.0,0.0
2023-02-23 18:25:00,-17.26,-26.16,0.0,-17.26,-26.16,0.0,0.0
2023-02-23 18:26:00,-17.12,-26.19,0.0,-17.12,-26.19,0.0,0.0
2023-02-23 18:27:00,-17.16,-26.16,0.0,-17.16,-26.16,0.0,0.0
2023-02-23 18:28:00,-17.1,-26.2,0.0,-17.1,-26.2,0.0,0.0
2023-02-23 18:29:00,-17.16,-26.19,0.0,-17.16,-26.19,0.0,0.0
2023-02-23 18:30:00,-17.1,-26.17,0.0,-17.1,-26.17,0.0,0.0
2023-02-23 18:31:00,-17.12,-26.17,0.0,-17.12,-26.17,0.0,0.0
2023-02-23 18:32:00,-17.16,-26.18,0.0,-17.16,-26.18,0.0,0.0
2023-02-23 18:33:00,-17.12,-26.17,0.0,-17.12,-26.17,0.0,0.0
2023-02-23 18:34:00,-17.12,-26.16,0.0,-17.12,-26.16,0.0,0.0
2023-02-23 18:35:00,-17.11,-26.15,0.0,-17.11,-26.15,0.0,0.0
2023-02-23 18:36:00,-17.12,-26.17,0.0,-17.12,-26.17,0.0,0.0
2023-02-23 18:37:00,-17.12,-26.25,0.0,-17.12,-26.25,0.0,0.0
2023-02-23 18:38:00,-17.1,-26.15,0.0,-17.1,-26.15,0.0,0.0
2023-02-23 18:39:00,-17.18,-26.2,0.0,-17.18,-26.2,0.0,0.0
2023-02-23 18:40:00,-17.09,-26.18,0.0,-17.09,-26.18,0.0,0.0
2023-02-23 18:41:00,-17.22,-26.15,0.0,-17.22,-26.15,0.0,0.0
2023-02-23 18:42:00,-17.12,-26.16,0.0,-17.12,-26.16,0.0,0.0
2023-02-23 18:43:00,-17.22,-26.17,0.0,-17.22,-26.17,0.0,0.0
2023-02-23 18:44:00,-17.08,-26.16,0.0,-17.08,-26.16,0.0,0.0
2023-02-23 18:45:00,-17.11,-26.16,0.0,-17.11,-26.16,0.0,0.0
2023-02-23 18:46:00,-17.11,-26.15,0.0,-17.11,-26.15,0.0,0.0
2023-02-23 18:47:00,-17.12,-26.14,0.0,-17.12,-26.14,0.0,0.0
2023-02-23 18:48:00,-17.09,-26.17,0.0,-17.09,-26.17,0.0,0.0
2023-02-23 18:49:00,-17.17,-26.19,0.0,-17.17,-26.19,0.0,0.0
2023-02-23 18:50:00,-17.08,-26.17,0.0,-17.08,-26.17,0.0,0.0
2023-02-23 18:51:00,-17.17,-26.17,0.0,-17.17,-26.17,0.0,0.0
2023-02-23 18:52:00,-17.19,-26.16,0.0,-17.19,-26.16,0.0,0.0
2023-02-23 18:53:00,-17.19,-26.13,0.0,-17.19,-26.13,0.0,0.0
2023-02-23 18:54:00,-17.18,-26.18,0.0,-17.18,-26.18,0.0,0.0
2023-02-23 18:55:00,-17.22,-26.16,0.0,-17.22,-26.16,0.0,0.0
2023-02-23 18:56:00,-17.14,-26.16,0.0,-17.14,-26.16,0.0,0.0
2023-02-23 18:57:00,-16.98,-26.17,0.0,-16.98,-26.17,0.0,0.0
2023-02-23 18:58:00,-17.18,-26.16,0.0,-17.18,-26.16,0.0,0.0
2023-02-23 18:59:00,-17.17,-26.18,0.0,-17.17,-26.18,0.0,0.0
2023-02-23 19:00:00,-17.13,-26.17,0.0,-17.13,-26.17,0.0,0.0
2023-02-23 19:01:00,-16.99,-26.16,0.0,-16.99,-26.16,0.0,0.0
2023-02-23 19:02:00,-17.14,-26.17,0.0,-17.14,-26.17,0.0,0.0
2023-02-23 19:03:00,-17.12,-26.15,0.0,-17.12,-26.15,0.0,0.0
2023-02-23 19:04:00,-17.14,-26.15,0.0,-17.14,-26.15,0.0,0.0
2023-02-23 19:05:00,-17.23,-26.16,0.0,-17.23,-26.16,0.0,0.0
2023-02-23 19:06:00,-17.17,-26.13,0.0,-17.17,-26.13,0.0,0.0
2023-02-23 19:07:00,-17.14,-26.14,0.0,-17.14,-26.14,0.0,0.0
2023-02-23 19:08:00,-17.05,-26.14,0.0,-17.05,-26.14,0.0,0.0
2023-02-23 19:09:00,-17.18,-26.13,0.0,-17.18,-26.13,0.0,0.0
2023-02-23 19:10:00,-17.18,-26.15,0.0,-17.18,-26.15,0.0,0.0
2023-02-23 19:11:00,-17.1,-26.16,0.0,-17.1,-26.16,0.0,0.0
2023-02-23 19:12:00,-17.12,-26.15,0.0,-17.12,-26.15,0.0,0.0
2023-02-23 19:13:00,-17.0,-26.2,0.0,-17.0,-26.2,0.0,0.0
2023-02-23 19:14:00,-17.09,-26.12,0.0,-17.09,-26.12,0.0,0.0
2023-02-23 19:15:00,-17.21,-26.12,0.0,-17.21,-26.12,0.0,0.0
2023-02-23 19:16:00,-17.11,-26.14,0.0,-17.11,-26.14,0.0,0.0
2023-02-23 19:17:00,-17.32,-26.14,0.0,-17.32,-26.14,0.0,0.0
2023-02-23 19:18:00,-17.04,-26.15,0.0,-17.04,-26.15,0.0,0.0
2023-02-23 19:19:00,-17.22,-26.15,0.0,-17.22,-26.15,0.0,0.0
2023-02-23 19:20:00,-17.13,-26.16,0.0,-17.13,-26.16,0.0,0.0
2023-02-23 19:21:00,-17.2,-26.13,0.0,-17.2,-26.13,0.0,0.0
2023-02-23 19:22:00,-17.12,-26.16,0.0,-17.12,-26.16,0.0,0.0
2023-02-23 19:23:00,-17.22,-26.15,0.0,-17.22,-26.15,0.0,0.0
2023-02-23 19:24:00,-17.15,-26.17,0.0,-17.15,-26.17,0.0,0.0
2023-02-23 19:25:00,-17.09,-26.16,0.0,-17.09,-26.16,0.0,0.0
2023-02-23 19:26:00,-17.22,-26.17,0.0,-17.22,-26.17,0.0,0.0
2023-02-23 19:27:00,-17.1,-26.15,0.0,-17.1,-26.15,0.0,0.0
2023-02-23 19:28:00,-17.24,-26.15,0.0,-17.24,-26.15,0.0,0.0
2023-02-23 19:29:00,-17.16,-26.13,0.0,-17.16,-26.13,0.0,0.0
2023-02-23 19:30:00,-17.13,-26.15,0.0,-17.13,-26.15,0.0,0.0
2023-02-23 19:31:00,-17.19,-26.15,0.0,-17.19,-26.15,0.0,0.0
2023-02-23 19:32:00,-17.22,-26.14,0.0,-17.22,-26.14,0.0,0.0
2023-02-23 19:33:00,-17.11,-26.14,0.0,-17.11,-26.14,0.0,0.0
2023-02-23 19:34:00,-17.14,-26.14,0.0,-17.14,-26.14,0.0,0.0
2023-02-23 19:35:00,-17.23,-26.11,0.0,-17.23,-26.11,0.0,0.0
2023-02-23 19:36:00,-17.16,-26.15,0.0,-17.16,-26.15,0.0,0.0
2023-02-23 19:37:00,-17.18,-26.15,0.0,-17.18,-26.15,0.0,0.0
2023-02-23 19:38:00,-17.1,-26.11,0.0,-17.1,-26.11,0.0,0.0
2023-02-23 19:39:00,-17.22,-26.16,0.0,-17.22,-26.16,0.0,0.0
2023-02-23 19:40:00,-17.32,-26.17,0.0,-17.32,-26.17,0.0,0.0
2023-02-23 19:41:00,-17.2,-26.13,0.0,-17.2,-26.13,0.0,0.0
2023-02-23 19:42:00,-17.18,-26.14,0.0,-17.18,-26.14,0.0,0.0
2023-02-23 19:43:00,-17.26,-26.11,0.0,-17.26,-26.11,0.0,0.0
2023-02-23 19:44:00,-17.23,-26.14,0.0,-17.23,-26.14,0.0,0.0
2023-02-23 19:45:00,-17.24,-26.08,0.0,-17.24,-26.08,0.0,0.0
2023-02-23 19:46:00,-17.23,-26.12,0.0,-17.23,-26.12,0.0,0.0
2023-02-23 19:47:00,-17.21,-26.12,0.0,-17.21,-26.12,0.0,0.0
2023-02-23 19:48:00,-17.17,-26.12,0.0,-17.17,-26.12,0.0,0.0
2023-02-23 19:49:00,-17.2,-26.14,0.0,-17.2,-26.14,0.0,0.0
2023-02-23 19:50:00,-17.31,-26.15,0.0,-17.31,-26.15,0.0,0.0
2023-02-23 19:51:00,-17.19,-26.12,0.0,-17.19,-26.12,0.0,0.0
2023-02-23 19:52:00,-17.17,-26.12,0.0,-17.17,-26.12,0.0,0.0
2023-02-23 19:53:00,-17.21,-26.13,0.0,-17.21,-26.13,0.0,0.0
2023-02-23 19:54:00,-17.21,-26.12,0.0,-17.21,-26.12,0.0,0.0
2023-02-23 19:55:00,-17.15,-26.16,0.0,-17.15,-26.16,0.0,0.0
2023-02-23 19:56:00,-17.29,-26.14,0.0,-17.29,-26.14,0.0,0.0
2023-02-23 19:57:00,-17.12,-26.12,0.0,-17.12,-26.12,0.0,0.0
2023-02-23 19:58:00,-17.19,-26.12,0.0,-17.19,-26.12,0.0,0.0
2023-02-23 19:59:00,-17.17,-26.13,0.0,-17.17,-26.13,0.0,0.0
2023-02-23 20:00:00,,,0.0,-17.225,-26.13,,
2023-02-23 20:01:00,-17.28,-26.13,0.0,-17.28,-26.13,0.0,0.0
2023-02-23 20:02:00,-17.18,-26.15,0.0,-17.18,-26.15,0.0,0.0
2023-02-23 20:03:00,-17.17,-26.13,0.0,-17.17,-26.13,0.0,0.0
2023-02-23 20:04:00,-17.15,-26.13,0.0,-17.15,-26.13,0.0,0.0
2023-02-23 20:05:00,-17.13,-26.12,0.0,-17.13,-26.12,0.0,0.0
2023-02-23 20:06:00,-17.27,-26.07,0.0,-17.27,-26.07,0.0,0.0
2023-02-23 20:07:00,-17.13,-26.13,0.0,-17.13,-26.13,0.0,0.0
2023-02-23 20:08:00,-17.33,-26.1,0.0,-17.33,-26.1,0.0,0.0
2023-02-23 20:09:00,-17.23,-26.14,0.0,-17.23,-26.14,0.0,0.0
2023-02-23 20:10:00,-17.34,-26.11,0.0,-17.34,-26.11,0.0,0.0
2023-02-23 20:11:00,-17.23,-26.13,0.0,-17.23,-26.13,0.0,0.0
2023-02-23 20:12:00,-17.27,-26.12,0.0,-17.27,-26.12,0.0,0.0
2023-02-23 20:13:00,-17.17,-26.16,0.0,-17.17,-26.16,0.0,0.0
2023-02-23 20:14:00,-17.26,-26.07,0.0,-17.26,-26.07,0.0,0.0
2023-02-23 20:15:00,-17.17,-26.09,0.0,-17.17,-26.09,0.0,0.0
2023-02-23 20:16:00,-17.18,-26.12,0.0,-17.18,-26.12,0.0,0.0
2023-02-23 20:17:00,-17.24,-26.1,0.0,-17.24,-26.1,0.0,0.0
2023-02-23 20:18:00,-17.18,-26.11,0.0,-17.18,-26.11,0.0,0.0
2023-02-23 20:19:00,-17.2,-26.12,0.0,-17.2,-26.12,0.0,0.0
2023-02-23 20:20:00,-17.23,-26.09,0.0,-17.23,-26.09,0.0,0.0
2023-02-23 20:21:00,-17.17,-26.11,0.0,-17.17,-26.11,0.0,0.0
2023-02-23 20:22:00,-17.25,-26.09,0.0,-17.25,-26.09,0.0,0.0
2023-02-23 20:23:00,-17.26,-26.11,0.0,-17.26,-26.11,0.0,0.0
2023-02-23 20:24:00,-17.37,-26.1,0.0,-17.37,-26.1,0.0,0.0
2023-02-23 20:25:00,-17.21,-26.12,0.0,-17.21,-26.12,0.0,0.0
2023-02-23 20:26:00,-17.25,-26.1,0.0,-17.25,-26.1,0.0,0.0
2023-02-23 20:27:00,-17.18,-26.09,0.0,-17.18,-26.09,0.0,0.0
2023-02-23 20:28:00,-17.16,-26.11,0.0,-17.16,-26.11,0.0,0.0
2023-02-23 20:29:00,-17.19,-26.1,0.0,-17.19,-26.1,0.0,0.0
2023-02-23 20:30:00,-17.2,-26.09,0.0,-17.2,-26.09,0.0,0.0
2023-02-23 20:31:00,-17.27,-26.1,0.0,-17.27,-26.1,0.0,0.0
2023-02-23 20:32:00,-17.2,-26.13,0.0,-17.2,-26.13,0.0,0.0
2023-02-23 20:33:00,-17.19,-26.11,0.0,-17.19,-26.11,0.0,0.0
2023-02-23 20:34:00,-17.27,-26.12,0.0,-17.27,-26.12,0.0,0.0
2023-02-23 20:35:00,-17.23,-26.08,0.0,-17.23,-26.08,0.0,0.0
2023-02-23 20:36:00,-17.22,-26.09,0.0,-17.22,-26.09,0.0,0.0
2023-02-23 20:37:00,-17.21,-26.1,0.0,-17.21,-26.1,0.0,0.0
2023-02-23 20:38:00,-17.28,-26.06,0.0,-17.28,-26.06,0.0,0.0
2023-02-23 20:39:00,-17.31,-26.1,0.0,-17.31,-26.1,0.0,0.0
2023-02-23 20:40:00,-17.27,-26.1,0.0,-17.27,-26.1,0.0,0.0
2023-02-23 20:41:00,-17.19,-26.12,0.0,-17.19,-26.12,0.0,0.0
2023-02-23 20:42:00,-17.24,-26.11,0.0,-17.24,-26.11,0.0,0.0
2023-02-23 20:43:00,-17.19,-26.11,0.0,-17.19,-26.11,0.0,0.0
2023-02-23 20:44:00,-17.23,-26.08,0.0,-17.23,-26.08,0.0,0.0
2023-02-23 20:45:00,-17.19,-26.11,0.0,-17.19,-26.11,0.0,0.0
2023-02-23 20:46:00,-17.25,-26.07,0.0,-17.25,-26.07,0.0,0.0
2023-02-23 20:47:00,-17.27,-26.11,0.0,-17.27,-26.11,0.0,0.0
2023-02-23 20:48:00,-17.23,-26.11,0.0,-17.23,-26.11,0.0,0.0
2023-02-23 20:49:00,-17.23,-26.11,0.0,-17.23,-26.11,0.0,0.0
2023-02-23 20:50:00,-17.22,-26.1,0.0,-17.22,-26.1,0.0,0.0
2023-02-23 20:51:00,-17.19,-26.09,0.0,-17.19,-26.09,0.0,0.0
2023-02-23 20:52:00,-17.16,-26.12,0.0,-17.16,-26.12,0.0,0.0
2023-02-23 20:53:00,-17.24,-26.11,0.0,-17.24,-26.11,0.0,0.0
2023-02-23 20:54:00,-17.27,-26.05,0.0,-17.27,-26.05,0.0,0.0
2023-02-23 20:55:00,-17.21,-26.08,0.0,-17.21,-26.08,0.0,0.0
2023-02-23 20:56:00,-17.32,-26.1,0.0,-17.32,-26.1,0.0,0.0
2023-02-23 20:57:00,-17.23,-26.08,0.0,-17.23,-26.08,0.0,0.0
2023-02-23 20:58:00,-17.23,-26.12,0.0,-17.23,-26.12,0.0,0.0
2023-02-23 20:59:00,-17.35,-26.09,0.0,-17.35,-26.09,0.0,0.0
2023-02-23 21:00:00,-17.26,-26.11,0.0,-17.26,-26.11,0.0,0.0
2023-02-23 21:01:00,-17.22,-26.07,0.0,-17.22,-26.07,0.0,0.0
2023-02-23 21:02:00,-17.22,-26.11,0.0,-17.22,-26.11,0.0,0.0
2023-02-23 21:03:00,-17.31,-26.07,0.0,-17.31,-26.07,0.0,0.0
2023-02-23 21:04:00,-17.2,-26.09,0.0,-17.2,-26.09,0.0,0.0
2023-02-23 21:05:00,-17.22,-26.07,0.0,-17.22,-26.07,0.0,0.0
2023-02-23 21:06:00,-17.23,-26.06,0.0,-17.23,-26.06,0.0,0.0
2023-02-23 21:07:00,-17.3,-26.07,0.0,-17.3,-26.07,0.0,0.0
2023-02-23 21:08:00,-17.33,-26.07,0.0,-17.33,-26.07,0.0,0.0
2023-02-23 21:09:00,-17.22,-26.07,0.0,-17.22,-26.07,0.0,0.0
2023-02-23 21:10:00,-17.18,-26.06,0.0,-17.18,-26.06,0.0,0.0
2023-02-23 21:11:00,-17.38,-26.08,0.0,-17.38,-26.08,0.0,0.0
2023-02-23 21:12:00,-17.27,-26.08,0.0,-17.27,-26.08,0.0,0.0
2023-02-23 21:13:00,-17.25,-26.06,0.0,-17.25,-26.06,0.0,0.0
2023-02-23 21:14:00,-17.21,-26.07,0.0,-17.21,-26.07,0.0,0.0
2023-02-23 21:15:00,-17.21,-26.07,0.0,-17.21,-26.07,0.0,0.0
2023-02-23 21:16:00,-17.21,-26.06,0.0,-17.21,-26.06,0.0,0.0
2023-02-23 21:17:00,-17.32,-26.06,0.0,-17.32,-26.06,0.0,0.0
2023-02-23 21:18:00,-17.27,-26.05,0.0,-17.27,-26.05,0.0,0.0
2023-02-23 21:19:00,-17.24,-26.06,0.0,-17.24,-26.06,0.0,0.0
2023-02-23 21:20:00,-17.27,-26.06,0.0,-17.27,-26.06,0.0,0.0
2023-02-23 21:21:00,-17.21,-26.09,0.0,-17.21,-26.09,0.0,0.0
2023-02-23 21:22:00,-17.21,-26.1,0.0,-17.21,-26.1,0.0,0.0
2023-02-23 21:23:00,-17.32,-26.06,0.0,-17.32,-26.06,0.0,0.0
2023-02-23 21:24:00,-17.25,-26.07,0.0,-17.25,-26.07,0.0,0.0
2023-02-23 21:25:00,-17.35,-26.04,0.0,-17.35,-26.04,0.0,0.0
2023-02-23 21:26:00,-17.33,-26.06,0.0,-17.33,-26.06,0.0,0.0
2023-02-23 21:27:00,-17.3,-26.07,0.0,-17.3,-26.07,0.0,0.0
2023-02-23 21:28:00,-17.33,-26.04,0.0,-17.33,-26.04,0.0,0.0
2023-02-23 21:29:00,-17.27,-26.02,0.0,-17.27,-26.02,0.0,0.0
2023-02-23 21:30:00,-17.32,-26.1,0.0,-17.32,-26.1,0.0,0.0
2023-02-23 21:31:00,-17.38,-26.07,0.0,-17.38,-26.07,0.0,0.0
2023-02-23 21:32:00,-17.32,-26.07,0.0,-17.32,-26.07,0.0,0.0
2023-02-23 21:33:00,-17.23,-26.05,0.0,-17.23,-26.05,0.0,0.0
2023-02-23 21:34:00,-17.26,-26.07,0.0,-17.26,-26.07,0.0,0.0
2023-02-23 21:35:00,-17.29,-26.04,0.0,-17.29,-26.04,0.0,0.0
2023-02-23 21:36:00,-17.3,-26.07,0.0,-17.3,-26.07,0.0,0.0
2023-02-23 21:37:00,-17.24,-26.04,0.0,-17.24,-26.04,0.0,0.0
2023-02-23 21:38:00,-17.24,-26.06,0.0,-17.24,-26.06,0.0,0.0
2023-02-23 21:39:00,-17.26,-26.04,0.0,-17.26,-26.04,0.0,0.0
2023-02-23 21:40:00,-17.28,-26.05,0.0,-17.28,-26.05,0.0,0.0
2023-02-23 21:41:00,-17.31,-26.02,0.0,-17.31,-26.02,0.0,0.0
2023-02-23 21:42:00,-17.29,-26.01,0.0,-17.29,-26.01,0.0,0.0
2023-02-23 21:43:00,-17.31,-26.04,0.0,-17.31,-26.04,0.0,0.0
2023-02-23 21:44:00,-17.27,-26.01,0.0,-17.27,-26.01,0.0,0.0
2023-02-23 21:45:00,-17.28,-26.04,0.0,-17.28,-26.04,0.0,0.0
2023-02-23 21:46:00,-17.29,-26.03,0.0,-17.29,-26.03,0.0,0.0
2023-02-23 21:47:00,-17.34,-26.01,0.0,-17.34,-26.01,0.0,0.0
2023-02-23 21:48:00,-17.3,-26.0,0.0,-17.3,-26.0,0.0,0.0
2023-02-23 21:49:00,-17.29,-25.99,0.0,-17.29,-25.99,0.0,0.0
2023-02-23 21:50:00,-17.36,-26.02,0.0,-17.36,-26.02,0.0,0.0
2023-02-23 21:51:00,-17.32,-25.99,0.0,-17.32,-25.99,0.0,0.0
2023-02-23 21:52:00,-17.38,-26.0,0.0,-17.38,-26.0,0.0,0.0
2023-02-23 21:53:00,-17.33,-25.99,0.0,-17.33,-25.99,0.0,0.0
2023-02-23 21:54:00,-17.25,-26.03,0.0,-17.25,-26.03,0.0,0.0
2023-02-23 21:55:00,-17.33,-25.98,0.0,-17.33,-25.98,0.0,0.0
2023-02-23 21:56:00,-17.28,-25.99,0.0,-17.28,-25.99,0.0,0.0
2023-02-23 21:57:00,-17.18,-26.01,0.0,-17.18,-26.01,0.0,0.0
2023-02-23 21:58:00,-17.27,-26.0,0.0,-17.27,-26.0,0.0,0.0
2023-02-23 21:59:00,-17.33,-25.98,0.0,-17.33,-25.98,0.0,0.0
2023-02-23 22:00:00,-17.29,-26.01,0.0,-17.29,-26.01,0.0,0.0
2023-02-23 22:01:00,-17.26,-26.01,0.0,-17.26,-26.01,0.0,0.0
2023-02-23 22:02:00,-17.37,-26.02,0.0,-17.37,-26.02,0.0,0.0
2023-02-23 22:03:00,-17.26,-26.02,0.0,-17.26,-26.02,0.0,0.0
2023-02-23 22:04:00,-17.29,-26.01,0.0,-17.29,-26.01,0.0,0.0
2023-02-23 22:05:00,-17.3,-26.04,0.0,-17.3,-26.04,0.0,0.0
2023-02-23 22:06:00,-17.37,-26.02,0.0,-17.37,-26.02,0.0,0.0
2023-02-23 22:07:00,-17.29,-26.03,0.0,-17.29,-26.03,0.0,0.0
2023-02-23 22:08:00,-17.3,-26.03,0.0,-17.3,-26.03,0.0,0.0
2023-02-23 22:09:00,-17.28,-26.04,0.0,-17.28,-26.04,0.0,0.0
2023-02-23 22:10:00,-17.28,-26.05,0.0,-17.28,-26.05,0.0,0.0
2023-02-23 22:11:00,-17.29,-26.05,0.0,-17.29,-26.05,0.0,0.0
2023-02-23 22:12:00,-17.3,-26.06,0.0,-17.3,-26.06,0.0,0.0
2023-02-23 22:13:00,-17.25,-26.07,0.0,-17.25,-26.07,0.0,0.0
2023-02-23 22:14:00,-17.27,-26.07,0.0,-17.27,-26.07,0.0,0.0
2023-02-23 22:15:00,-17.33,-26.06,0.0,-17.33,-26.06,0.0,0.0
2023-02-23 22:16:00,-17.26,-26.07,0.0,-17.26,-26.07,0.0,0.0
2023-02-23 22:17:00,-17.34,-26.07,0.0,-17.34,-26.07,0.0,0.0
2023-02-23 22:18:00,-17.31,-26.08,0.0,-17.31,-26.08,0.0,0.0
2023-02-23 22:19:00,-17.21,-26.08,0.0,-17.21,-26.08,0.0,0.0
2023-02-23 22:20:00,-17.22,-26.07,0.0,-17.22,-26.07,0.0,0.0
2023-02-23 22:21:00,-17.3,-26.06,0.0,-17.3,-26.06,0.0,0.0
2023-02-23 22:22:00,-17.17,-26.07,0.0,-17.17,-26.07,0.0,0.0
2023-02-23 22:23:00,-17.29,-26.08,0.0,-17.29,-26.08,0.0,0.0
2023-02-23 22:24:00,-17.35,-26.08,0.0,-17.35,-26.08,0.0,0.0
2023-02-23 22:25:00,-17.24,-26.1,0.0,-17.24,-26.1,0.0,0.0
2023-02-23 22:26:00,-17.26,-26.05,0.0,-17.26,-26.05,0.0,0.0
2023-02-23 22:27:00,-17.32,-26.1,0.0,-17.32,-26.1,0.0,0.0
2023-02-23 22:28:00,-17.27,-26.08,0.0,-17.27,-26.08,0.0,0.0
2023-02-23 22:29:00,-17.27,-26.09,0.0,-17.27,-26.09,0.0,0.0
2023-02-23 22:30:00,-17.34,-26.07,0.0,-17.34,-26.07,0.0,0.0
2023-02-23 22:31:00,-17.22,-26.11,0.0,-17.22,-26.11,0.0,0.0
2023-02-23 22:32:00,-17.19,-26.06,0.0,-17.19,-26.06,0.0,0.0
2023-02-23 22:33:00,-17.25,-26.08,0.0,-17.25,-26.08,0.0,0.0
2023-02-23 22:34:00,-17.22,-26.06,0.0,-17.22,-26.06,0.0,0.0
2023-02-23 22:35:00,-17.3,-26.08,0.0,-17.3,-26.08,0.0,0.0
2023-02-23 22:36:00,-17.24,-26.08,0.0,-17.24,-26.08,0.0,0.0
2023-02-23 22:37:00,-17.29,-26.08,0.0,-17.29,-26.08,0.0,0.0
2023-02-23 22:38:00,-17.2,-26.08,0.0,-17.2,-26.08,0.0,0.0
2023-02-23 22:39:00,-17.24,-26.07,0.0,-17.24,-26.07,0.0,0.0
2023-02-23 22:40:00,-17.19,-26.07,0.0,-17.19,-26.07,0.0,0.0
2023-02-23 22:41:00,-17.29,-26.07,0.0,-17.29,-26.07,0.0,0.0
2023-02-23 22:42:00,-17.13,-26.08,0.0,-17.13,-26.08,0.0,0.0
2023-02-23 22:43:00,-17.32,-26.09,0.0,-17.32,-26.09,0.0,0.0
2023-02-23 22:44:00,-17.32,-26.07,0.0,-17.32,-26.07,0.0,0.0
2023-02-23 22:45:00,-17.15,-26.09,0.0,-17.15,-26.09,0.0,0.0
2023-02-23 22:46:00,-17.22,-26.08,0.0,-17.22,-26.08,0.0,0.0
2023-02-23 22:47:00,-17.24,-26.08,0.0,-17.24,-26.08,0.0,0.0
2023-02-23 22:48:00,-17.17,-26.06,0.0,-17.17,-26.06,0.0,0.0
2023-02-23 22:49:00,-17.2,-26.08,0.0,-17.2,-26.08,0.0,0.0
2023-02-23 22:50:00,-17.2,-26.07,0.0,-17.2,-26.07,0.0,0.0
2023-02-23 22:51:00,-17.18,-26.08,0.0,-17.18,-26.08,0.0,0.0
2023-02-23 22:52:00,-17.26,-26.06,0.0,-17.26,-26.06,0.0,0.0
2023-02-23 22:53:00,-17.25,-26.06,0.0,-17.25,-26.06,0.0,0.0
2023-02-23 22:54:00,-17.17,-26.11,0.0,-17.17,-26.11,0.0,0.0
2023-02-23 22:55:00,-17.29,-26.07,0.0,-17.29,-26.07,0.0,0.0
2023-02-23 22:56:00,-17.22,-26.07,0.0,-17.22,-26.07,0.0,0.0
2023-02-23 22:57:00,-17.23,-26.08,0.0,-17.23,-26.08,0.0,0.0
2023-02-23 22:58:00,-17.22,-26.11,0.0,-17.22,-26.11,0.0,0.0
2023-02-23 22:59:00,-17.15,-26.12,0.0,-17.15,-26.12,0.0,0.0
2023-02-23 23:00:00,-17.17,-26.06,0.0,-17.17,-26.06,0.0,0.0
2023-02-23 23:01:00,-17.33,-26.09,0.0,-17.33,-26.09,0.0,0.0
2023-02-23 23:02:00,-17.16,-26.07,0.0,-17.16,-26.07,0.0,0.0
2023-02-23 23:03:00,-17.28,-26.07,0.0,-17.28,-26.07,0.0,0.0
2023-02-23 23:04:00,-17.22,-26.06,0.0,-17.22,-26.06,0.0,0.0
2023-02-23 23:05:00,-17.24,-26.1,0.0,-17.24,-26.1,0.0,0.0
2023-02-23 23:06:00,-17.29,-26.08,0.0,-17.29,-26.08,0.0,0.0
2023-02-23 23:07:00,-17.22,-26.06,0.0,-17.22,-26.06,0.0,0.0
2023-02-23 23:08:00,-17.28,-26.08,0.0,-17.28,-26.08,0.0,0.0
2023-02-23 23:09:00,-17.28,-26.06,0.0,-17.28,-26.06,0.0,0.0
2023-02-23 23:10:00,-17.26,-26.08,0.0,-17.26,-26.08,0.0,0.0
2023-02-23 23:11:00,-17.23,-26.06,0.0,-17.23,-26.06,0.0,0.0
2023-02-23 23:12:00,-17.3,-26.07,0.0,-17.3,-26.07,0.0,0.0
2023-02-23 23:13:00,-17.25,-26.07,0.0,-17.25,-26.07,0.0,0.0
2023-02-23 23:14:00,-17.26,-26.05,0.0,-17.26,-26.05,0.0,0.0
2023-02-23 23:15:00,-17.26,-26.07,0.0,-17.26,-26.07,0.0,0.0
2023-02-23 23:16:00,-17.29,-26.06,0.0,-17.29,-26.06,0.0,0.0
2023-02-23 23:17:00,-17.2,-26.07,0.0,-17.2,-26.07,0.0,0.0
2023-02-23 23:18:00,-17.28,-26.05,0.0,-17.28,-26.05,0.0,0.0
2023-02-23 23:19:00,-17.22,-26.05,0.0,-17.22,-26.05,0.0,0.0
2023-02-23 23:20:00,-17.2,-26.07,0.0,-17.2,-26.07,0.0,0.0
2023-02-23 23:21:00,-17.21,-26.07,0.0,-17.21,-26.07,0.0,0.0
2023-02-23 23:22:00,-17.32,-26.06,0.0,-17.32,-26.06,0.0,0.0
2023-02-23 23:23:00,-17.24,-26.06,0.0,-17.24,-26.06,0.0,0.0
2023-02-23 23:24:00,-17.21,-26.05,0.0,-17.21,-26.05,0.0,0.0
2023-02-23 23:25:00,-17.21,-26.04,0.0,-17.21,-26.04,0.0,0.0
2023-02-23 23:26:00,-17.26,-26.05,0.0,-17.26,-26.05,0.0,0.0
2023-02-23 23:27:00,-17.21,-26.07,0.0,-17.21,-26.07,0.0,0.0
2023-02-23 23:28:00,-17.23,-26.07,0.0,-17.23,-26.07,0.0,0.0
2023-02-23 23:29:00,-17.32,-26.06,0.0,-17.32,-26.06,0.0,0.0
2023-02-23 23:30:00,,,0.0,-17.304443,-26.052221,,
2023-02-23 23:31:00,,,0.0,-17.288889,-26.044443,,
2023-02-23 23:32:00,,,0.0,-17.273333,-26.036667,,
2023-02-23 23:33:00,,,0.0,-17.257778,-26.028889,,
2023-02-23 23:34:00,,,0.0,-17.242222,-26.02111,,
2023-02-23 23:35:00,,,0.0,-17.226667,-26.013332,,
2023-02-23 23:36:00,,,0.0,-17.211111,-26.005556,,
2023-02-23 23:37:00,,,0.0,-17.195557,-25.997778,,
2023-02-23 23:38:00,-17.18,-25.99,0.0,-17.18,-25.99,0.0,0.0
2023-02-23 23:39:00,-17.12,-26.03,0.0,-17.12,-26.03,0.0,0.0
2023-02-23 23:40:00,-17.3,-26.03,0.0,-17.3,-26.03,0.0,0.0
2023-02-23 23:41:00,-17.22,-26.02,0.0,-17.22,-26.02,0.0,0.0
2023-02-23 23:42:00,-17.21,-26.04,0.0,-17.21,-26.04,0.0,0.0
2023-02-23 23:43:00,-17.18,-26.01,0.0,-17.18,-26.01,0.0,0.0
2023-02-23 23:44:00,-17.25,-26.04,0.0,-17.25,-26.04,0.0,0.0
2023-02-23 23:45:00,-17.22,-26.03,0.0,-17.22,-26.03,0.0,0.0
2023-02-23 23:46:00,-17.22,-26.01,0.0,-17.22,-26.01,0.0,0.0
2023-02-23 23:47:00,-17.24,-26.02,0.0,-17.24,-26.02,0.0,0.0
2023-02-23 23:48:00,,,0.0,-17.236364,-26.018183,,
2023-02-23 23:49:00,,,0.0,-17.232727,-26.016363,,
2023-02-23 23:50:00,,,0.0,-17.229092,-26.014545,,
2023-02-23 23:51:00,,,0.0,-17.225454,-26.012728,,
2023-02-23 23:52:00,,,0.0,-17.221819,-26.01091,,
2023-02-23 23:53:00,,,0.0,-17.218182,-26.00909,,
2023-02-23 23:54:00,,,0.0,-17.214546,-26.007273,,
2023-02-23 23:55:00,,,0.0,-17.210909,-26.005455,,
2023-02-23 23:56:00,,,0.0,-17.207273,-26.003637,,
2023-02-23 23:57:00,,,0.0,-17.203636,-26.001818,,
2023-02-23 23:58:00,-17.2,-26.0,0.0,-17.2,-26.0,0.0,0.0
2023-02-23 23:59:00,-17.25,-26.02,0.0,-17.25,-26.02,0.0,0.0
2023-02-24 00:00:00,-17.32,-26.01,0.0,-17.32,-26.01,0.0,0.0
2023-02-24 00:01:00,-17.23,-26.01,0.0,-17.23,-26.01,0.0,0.0
2023-02-24 00:02:00,-17.24,-26.01,0.0,-17.24,-26.01,0.0,0.0
2023-02-24 00:03:00,-17.23,-26.02,0.0,-17.23,-26.02,0.0,0.0
2023-02-24 00:04:00,-17.24,-26.01,0.0,-17.24,-26.01,0.0,0.0
2023-02-24 00:05:00,-17.26,-26.04,0.0,-17.26,-26.04,0.0,0.0
2023-02-24 00:06:00,-17.29,-26.03,0.0,-17.29,-26.03,0.0,0.0
2023-02-24 00:07:00,-17.21,-26.02,0.0,-17.21,-26.02,0.0,0.0
2023-02-24 00:08:00,-17.32,-26.04,0.0,-17.32,-26.04,0.0,0.0
2023-02-24 00:09:00,-17.2,-26.02,0.0,-17.2,-26.02,0.0,0.0
2023-02-24 00:10:00,-17.25,-26.04,0.0,-17.25,-26.04,0.0,0.0
2023-02-24 00:11:00,-17.27,-26.03,0.0,-17.27,-26.03,0.0,0.0
2023-02-24 00:12:00,-17.21,-26.03,0.0,-17.21,-26.03,0.0,0.0
2023-02-24 00:13:00,-17.24,-26.02,0.0,-17.24,-26.02,0.0,0.0
2023-02-24 00:14:00,-17.25,-26.04,0.0,-17.25,-26.04,0.0,0.0
2023-02-24 00:15:00,-17.22,-26.04,0.0,-17.22,-26.04,0.0,0.0
2023-02-24 00:16:00,-17.25,-26.02,0.0,-17.25,-26.02,0.0,0.0
2023-02-24 00:17:00,-17.18,-26.05,0.0,-17.18,-26.05,0.0,0.0
2023-02-24 00:18:00,-17.34,-26.05,0.0,-17.34,-26.05,0.0,0.0
2023-02-24 00:19:00,-17.18,-26.02,0.0,-17.18,-26.02,0.0,0.0
2023-02-24 00:20:00,-17.19,-26.03,0.0,-17.19,-26.03,0.0,0.0
2023-02-24 00:21:00,-17.24,-26.02,0.0,-17.24,-26.02,0.0,0.0
2023-02-24 00:22:00,-17.27,-26.03,0.0,-17.27,-26.03,0.0,0.0
2023-02-24 00:23:00,-17.21,-26.04,0.0,-17.21,-26.04,0.0,0.0
2023-02-24 00:24:00,-17.19,-26.04,0.0,-17.19,-26.04,0.0,0.0
2023-02-24 00:25:00,-17.24,-26.03,0.0,-17.24,-26.03,0.0,0.0
2023-02-24 00:26:00,-17.3,-26.04,0.0,-17.3,-26.04,0.0,0.0
2023-02-24 00:27:00,-17.28,-26.01,0.0,-17.28,-26.01,0.0,0.0
2023-02-24 00:28:00,-17.25,-26.04,0.0,-17.25,-26.04,0.0,0.0
2023-02-24 00:29:00,-17.3,-26.03,0.0,-17.3,-26.03,0.0,0.0
2023-02-24 00:30:00,-17.26,-26.05,0.0,-17.26,-26.05,0.0,0.0
2023-02-24 00:31:00,-17.21,-26.05,0.0,-17.21,-26.05,0.0,0.0
2023-02-24 00:32:00,-17.23,-26.04,0.0,-17.23,-26.04,0.0,0.0
2023-02-24 00:33:00,-17.23,-26.04,0.0,-17.23,-26.04,0.0,0.0
2023-02-24 00:34:00,-17.18,-26.03,0.0,-17.18,-26.03,0.0,0.0
2023-02-24 00:35:00,-17.25,-26.03,0.0,-17.25,-26.03,0.0,0.0
2023-02-24 00:36:00,-17.23,-26.05,0.0,-17.23,-26.05,0.0,0.0
2023-02-24 00:37:00,-17.19,-26.01,0.0,-17.19,-26.01,0.0,0.0
2023-02-24 00:38:00,-17.18,-26.05,0.0,-17.18,-26.05,0.0,0.0
2023-02-24 00:39:00,-17.21,-26.03,0.0,-17.21,-26.03,0.0,0.0
2023-02-24 00:40:00,-17.28,-26.05,0.0,-17.28,-26.05,0.0,0.0
2023-02-24 00:41:00,-17.21,-26.03,0.0,-17.21,-26.03,0.0,0.0
2023-02-24 00:42:00,-17.21,-26.04,0.0,-17.21,-26.04,0.0,0.0
2023-02-24 00:43:00,-17.22,-26.04,0.0,-17.22,-26.04,0.0,0.0
2023-02-24 00:44:00,-17.25,-26.02,0.0,-17.25,-26.02,0.0,0.0
2023-02-24 00:45:00,-17.19,-26.03,0.0,-17.19,-26.03,0.0,0.0
2023-02-24 00:46:00,-17.27,-26.02,0.0,-17.27,-26.02,0.0,0.0
2023-02-24 00:47:00,-17.21,-26.03,0.0,-17.21,-26.03,0.0,0.0
2023-02-24 00:48:00,-17.24,-26.04,0.0,-17.24,-26.04,0.0,0.0
2023-02-24 00:49:00,-17.23,-26.03,0.0,-17.23,-26.03,0.0,0.0
2023-02-24 00:50:00,-17.25,-26.02,0.0,-17.25,-26.02,0.0,0.0
2023-02-24 00:51:00,-17.16,-26.04,0.0,-17.16,-26.04,0.0,0.0
2023-02-24 00:52:00,-17.17,-26.04,0.0,-17.17,-26.04,0.0,0.0
2023-02-24 00:53:00,-17.21,-26.04,0.0,-17.21,-26.04,0.0,0.0
2023-02-24 00:54:00,-17.25,-26.03,0.0,-17.25,-26.03,0.0,0.0
2023-02-24 00:55:00,-17.2,-26.05,0.0,-17.2,-26.05,0.0,0.0
2023-02-24 00:56:00,-17.24,-26.06,0.0,-17.24,-26.06,0.0,0.0
2023-02-24 00:57:00,-17.12,-26.03,0.0,-17.12,-26.03,0.0,0.0
2023-02-24 00:58:00,-17.23,-26.04,0.0,-17.23,-26.04,0.0,0.0
2023-02-24 00:59:00,-17.27,-26.05,0.0,-17.27,-26.05,0.0,0.0
2023-02-24 01:00:00,-17.29,-26.05,0.0,-17.29,-26.05,0.0,0.0
2023-02-24 01:01:00,-17.29,-26.05,0.0,-17.29,-26.05,0.0,0.0
2023-02-24 01:02:00,-17.19,-26.03,0.0,-17.19,-26.03,0.0,0.0
2023-02-24 01:03:00,-17.26,-26.03,0.0,-17.26,-26.03,0.0,0.0
2023-02-24 01:04:00,-17.19,-26.05,0.0,-17.19,-26.05,0.0,0.0
2023-02-24 01:05:00,-17.2,-26.02,0.0,-17.2,-26.02,0.0,0.0
2023-02-24 01:06:00,-17.26,-26.04,0.0,-17.26,-26.04,0.0,0.0
2023-02-24 01:07:00,-17.21,-26.05,0.0,-17.21,-26.05,0.0,0.0
2023-02-24 01:08:00,-17.27,-26.03,0.0,-17.27,-26.03,0.0,0.0
2023-02-24 01:09:00,-17.22,-26.04,0.0,-17.22,-26.04,0.0,0.0
2023-02-24 01:10:00,-17.19,-26.04,0.0,-17.19,-26.04,0.0,0.0
2023-02-24 01:11:00,-17.13,-26.04,0.0,-17.13,-26.04,0.0,0.0
2023-02-24 01:12:00,-17.25,-26.05,0.0,-17.25,-26.05,0.0,0.0
2023-02-24 01:13:00,-17.21,-26.02,0.0,-17.21,-26.02,0.0,0.0
2023-02-24 01:14:00,-17.23,-26.03,0.0,-17.23,-26.03,0.0,0.0
2023-02-24 01:15:00,-17.2,-26.04,0.0,-17.2,-26.04,0.0,0.0
2023-02-24 01:16:00,-17.19,-26.03,0.0,-17.19,-26.03,0.0,0.0
2023-02-24 01:17:00,-17.19,-26.02,0.0,-17.19,-26.02,0.0,0.0
2023-02-24 01:18:00,-17.2,-26.04,0.0,-17.2,-26.04,0.0,0.0
2023-02-24 01:19:00,-17.18,-26.04,0.0,-17.18,-26.04,0.0,0.0
2023-02-24 01:20:00,-17.18,-26.01,0.0,-17.18,-26.01,0.0,0.0
2023-02-24 01:21:00,-17.3,-26.02,0.0,-17.3,-26.02,0.0,0.0
2023-02-24 01:22:00,-17.23,-26.02,0.0,-17.23,-26.02,0.0,0.0
2023-02-24 01:23:00,-17.22,-26.04,0.0,-17.22,-26.04,0.0,0.0
2023-02-24 01:24:00,-17.19,-26.02,0.0,-17.19,-26.02,0.0,0.0
2023-02-24 01:25:00,-17.19,-26.03,0.0,-17.19,-26.03,0.0,0.0
2023-02-24 01:26:00,-17.27,-26.04,0.0,-17.27,-26.04,0.0,0.0
2023-02-24 01:27:00,-17.2,-26.01,0.0,-17.2,-26.01,0.0,0.0
2023-02-24 01:28:00,-17.18,-26.03,0.0,-17.18,-26.03,0.0,0.0
2023-02-24 01:29:00,-17.16,-26.03,0.0,-17.16,-26.03,0.0,0.0
2023-02-24 01:30:00,-17.22,-26.03,0.0,-17.22,-26.03,0.0,0.0
2023-02-24 01:31:00,-17.23,-26.03,0.0,-17.23,-26.03,0.0,0.0
2023-02-24 01:32:00,-17.22,-26.01,0.0,-17.22,-26.01,0.0,0.0
2023-02-24 01:33:00,-17.24,-26.03,0.0,-17.24,-26.03,0.0,0.0
2023-02-24 01:34:00,-17.19,-26.03,0.0,-17.19,-26.03,0.0,0.0
2023-02-24 01:35:00,-17.22,-26.05,0.0,-17.22,-26.05,0.0,0.0
2023-02-24 01:36:00,-17.18,-26.04,0.0,-17.18,-26.04,0.0,0.0
2023-02-24 01:37:00,-17.24,-26.02,0.0,-17.24,-26.02,0.0,0.0
2023-02-24 01:38:00,-17.15,-26.03,0.0,-17.15,-26.03,0.0,0.0
2023-02-24 01:39:00,-17.14,-26.05,0.0,-17.14,-26.05,0.0,0.0
2023-02-24 01:40:00,-17.18,-26.02,0.0,-17.18,-26.02,0.0,0.0
2023-02-24 01:41:00,-17.17,-26.04,0.0,-17.17,-26.04,0.0,0.0
2023-02-24 01:42:00,-17.2,-26.01,0.0,-17.2,-26.01,0.0,0.0
2023-02-24 01:43:00,-17.19,-26.04,0.0,-17.19,-26.04,0.0,0.0
2023-02-24 01:44:00,-17.21,-26.03,0.0,-17.21,-26.03,0.0,0.0
2023-02-24 01:45:00,-17.17,-26.03,0.0,-17.17,-26.03,0.0,0.0
2023-02-24 01:46:00,-17.2,-26.03,0.0,-17.2,-26.03,0.0,0.0
2023-02-24 01:47:00,-17.23,-26.02,0.0,-17.23,-26.02,0.0,0.0
2023-02-24 01:48:00,-17.13,-25.99,0.0,-17.13,-25.99,0.0,0.0
2023-02-24 01:49:00,-17.21,-26.0,0.0,-17.21,-26.0,0.0,0.0
2023-02-24 01:50:00,-17.19,-26.02,0.0,-17.19,-26.02,0.0,0.0
2023-02-24 01:51:00,-17.15,-26.03,0.0,-17.15,-26.03,0.0,0.0
2023-02-24 01:52:00,-17.24,-26.03,0.0,-17.24,-26.03,0.0,0.0
2023-02-24 01:53:00,-17.21,-26.02,0.0,-17.21,-26.02,0.0,0.0
2023-02-24 01:54:00,-17.17,-26.03,0.0,-17.17,-26.03,0.0,0.0
2023-02-24 01:55:00,-17.14,-26.0,0.0,-17.14,-26.0,0.0,0.0
2023-02-24 01:56:00,-17.19,-26.03,0.0,-17.19,-26.03,0.0,0.0
2023-02-24 01:57:00,-17.21,-26.05,0.0,-17.21,-26.05,0.0,0.0
2023-02-24 01:58:00,-17.2,-26.03,0.0,-17.2,-26.03,0.0,0.0
2023-02-24 01:59:00,-17.15,-26.02,0.0,-17.15,-26.02,0.0,0.0
2023-02-24 02:00:00,-17.13,-26.02,0.0,-17.13,-26.02,0.0,0.0
2023-02-24 02:01:00,-17.21,-26.02,0.0,-17.21,-26.02,0.0,0.0
2023-02-24 02:02:00,-17.17,-26.01,0.0,-17.17,-26.01,0.0,0.0
2023-02-24 02:03:00,-17.24,-26.01,0.0,-17.24,-26.01,0.0,0.0
2023-02-24 02:04:00,-17.12,-26.03,0.0,-17.12,-26.03,0.0,0.0
2023-02-24 02:05:00,-17.17,-26.02,0.0,-17.17,-26.02,0.0,0.0
2023-02-24 02:06:00,-17.2,-26.01,0.0,-17.2,-26.01,0.0,0.0
2023-02-24 02:07:00,-17.26,-26.03,0.0,-17.26,-26.03,0.0,0.0
2023-02-24 02:08:00,-17.17,-26.05,0.0,-17.17,-26.05,0.0,0.0
2023-02-24 02:09:00,-17.22,-26.03,0.0,-17.22,-26.03,0.0,0.0
2023-02-24 02:10:00,-17.19,-26.04,0.0,-17.19,-26.04,0.0,0.0
2023-02-24 02:11:00,-17.19,-26.03,0.0,-17.19,-26.03,0.0,0.0
2023-02-24 02:12:00,-17.0,-25.98,0.0,-17.0,-25.98,0.0,0.0
2023-02-24 02:13:00,-17.18,-26.03,0.0,-17.18,-26.03,0.0,0.0
2023-02-24 02:14:00,-17.16,-26.04,0.0,-17.16,-26.04,0.0,0.0
2023-02-24 02:15:00,-17.19,-26.01,0.0,-17.19,-26.01,0.0,0.0
2023-02-24 02:16:00,-17.17,-26.03,0.0,-17.17,-26.03,0.0,0.0
2023-02-24 02:17:00,-17.2,-26.04,0.0,-17.2,-26.04,0.0,0.0
2023-02-24 02:18:00,-17.11,-26.03,0.0,-17.11,-26.03,0.0,0.0
2023-02-24 02:19:00,-17.23,-26.01,0.0,-17.23,-26.01,0.0,0.0
2023-02-24 02:20:00,-17.17,-26.03,0.0,-17.17,-26.03,0.0,0.0
2023-02-24 02:21:00,-17.24,-26.01,0.0,-17.24,-26.01,0.0,0.0
2023-02-24 02:22:00,-17.19,-26.0,0.0,-17.19,-26.0,0.0,0.0
2023-02-24 02:23:00,-17.21,-26.03,0.0,-17.21,-26.03,0.0,0.0
2023-02-24 02:24:00,-17.27,-26.02,0.0,-17.27,-26.02,0.0,0.0
2023-02-24 02:25:00,-17.17,-26.0,0.0,-17.17,-26.0,0.0,0.0
2023-02-24 02:26:00,-17.19,-26.03,0.0,-17.19,-26.03,0.0,0.0
2023-02-24 02:27:00,-17.26,-26.01,0.0,-17.26,-26.01,0.0,0.0
2023-02-24 02:28:00,-17.2,-26.01,0.0,-17.2,-26.01,0.0,0.0
2023-02-24 02:29:00,-17.18,-26.02,0.0,-17.18,-26.02,0.0,0.0
2023-02-24 02:30:00,-17.19,-26.01,0.0,-17.19,-26.01,0.0,0.0
2023-02-24 02:31:00,-17.16,-26.03,0.0,-17.16,-26.03,0.0,0.0
2023-02-24 02:32:00,-17.13,-26.04,0.0,-17.13,-26.04,0.0,0.0
2023-02-24 02:33:00,-17.18,-26.03,0.0,-17.18,-26.03,0.0,0.0
2023-02-24 02:34:00,-17.2,-26.01,0.0,-17.2,-26.01,0.0,0.0
2023-02-24 02:35:00,-17.19,-26.04,0.0,-17.19,-26.04,0.0,0.0
2023-02-24 02:36:00,-17.17,-26.02,0.0,-17.17,-26.02,0.0,0.0
2023-02-24 02:37:00,-17.19,-26.02,0.0,-17.19,-26.02,0.0,0.0
2023-02-24 02:38:00,-17.16,-26.04,0.0,-17.16,-26.04,0.0,0.0
2023-02-24 02:39:00,-17.18,-26.02,0.0,-17.18,-26.02,0.0,0.0
2023-02-24 02:40:00,-17.29,-26.01,0.0,-17.29,-26.01,0.0,0.0
2023-02-24 02:41:00,-17.24,-26.04,0.0,-17.24,-26.04,0.0,0.0
2023-02-24 02:42:00,-17.17,-26.03,0.0,-17.17,-26.03,0.0,0.0
2023-02-24 02:43:00,-17.21,-26.03,0.0,-17.21,-26.03,0.0,0.0
2023-02-24 02:44:00,-17.18,-26.02,0.0,-17.18,-26.02,0.0,0.0
2023-02-24 02:45:00,-17.21,-26.04,0.0,-17.21,-26.04,0.0,0.0
2023-02-24 02:46:00,-17.2,-26.02,0.0,-17.2,-26.02,0.0,0.0
2023-02-24 02:47:00,-17.14,-26.04,0.0,-17.14,-26.04,0.0,0.0
2023-02-24 02:48:00,-17.24,-26.03,0.0,-17.24,-26.03,0.0,0.0
2023-02-24 02:49:00,-17.21,-26.04,0.0,-17.21,-26.04,0.0,0.0
2023-02-24 02:50:00,-17.12,-26.03,0.0,-17.12,-26.03,0.0,0.0
2023-02-24 02:51:00,-17.18,-26.03,0.0,-17.18,-26.03,0.0,0.0
2023-02-24 02:52:00,-17.24,-26.04,0.0,-17.24,-26.04,0.0,0.0
2023-02-24 02:53:00,-17.28,-26.04,0.0,-17.28,-26.04,0.0,0.0
2023-02-24 02:54:00,-17.23,-26.03,0.0,-17.23,-26.03,0.0,0.0
2023-02-24 02:55:00,-17.24,-26.04,0.0,-17.24,-26.04,0.0,0.0
2023-02-24 02:56:00,-17.15,-26.02,0.0,-17.15,-26.02,0.0,0.0
2023-02-24 02:57:00,-17.2,-26.03,0.0,-17.2,-26.03,0.0,0.0
2023-02-24 02:58:00,-17.11,-26.04,0.0,-17.11,-26.04,0.0,0.0
2023-02-24 02:59:00,-17.15,-26.06,0.0,-17.15,-26.06,0.0,0.0
2023-02-24 03:00:00,-17.18,-26.04,0.0,-17.18,-26.04,0.0,0.0
2023-02-24 03:01:00,-17.18,-26.03,0.0,-17.18,-26.03,0.0,0.0
2023-02-24 03:02:00,-17.18,-26.02,0.0,-17.18,-26.02,0.0,0.0
2023-02-24 03:03:00,-17.3,-26.03,0.0,-17.3,-26.03,0.0,0.0
2023-02-24 03:04:00,-17.19,-26.01,0.0,-17.19,-26.01,0.0,0.0
2023-02-24 03:05:00,-17.24,-26.03,0.0,-17.24,-26.03,0.0,0.0
2023-02-24 03:06:00,-17.16,-26.03,0.0,-17.16,-26.03,0.0,0.0
2023-02-24 03:07:00,-17.23,-26.01,0.0,-17.23,-26.01,0.0,0.0
2023-02-24 03:08:00,-17.18,-26.03,0.0,-17.18,-26.03,0.0,0.0
2023-02-24 03:09:00,-17.29,-26.02,0.0,-17.29,-26.02,0.0,0.0
2023-02-24 03:10:00,-17.24,-26.02,0.0,-17.24,-26.02,0.0,0.0
2023-02-24 03:11:00,-17.15,-26.02,0.0,-17.15,-26.02,0.0,0.0
2023-02-24 03:12:00,-17.17,-26.01,0.0,-17.17,-26.01,0.0,0.0
2023-02-24 03:13:00,-17.18,-26.01,0.0,-17.18,-26.01,0.0,0.0
2023-02-24 03:14:00,-17.2,-26.03,0.0,-17.2,-26.03,0.0,0.0
2023-02-24 03:15:00,-17.23,-26.02,0.0,-17.23,-26.02,0.0,0.0
2023-02-24 03:16:00,-17.27,-26.04,0.0,-17.27,-26.04,0.0,0.0
2023-02-24 03:17:00,-17.28,-26.03,0.0,-17.28,-26.03,0.0,0.0
2023-02-24 03:18:00,-17.17,-26.0,0.0,-17.17,-26.0,0.0,0.0
2023-02-24 03:19:00,-17.23,-26.01,0.0,-17.23,-26.01,0.0,0.0
2023-02-24 03:20:00,-17.17,-26.03,0.0,-17.17,-26.03,0.0,0.0
2023-02-24 03:21:00,-17.19,-26.01,0.0,-17.19,-26.01,0.0,0.0
2023-02-24 03:22:00,-17.16,-26.01,0.0,-17.16,-26.01,0.0,0.0
2023-02-24 03:23:00,-17.22,-26.01,0.0,-17.22,-26.01,0.0,0.0
2023-02-24 03:24:00,-17.2,-26.05,0.0,-17.2,-26.05,0.0,0.0
2023-02-24 03:25:00,-17.19,-26.03,0.0,-17.19,-26.03,0.0,0.0
2023-02-24 03:26:00,-17.22,-26.04,0.0,-17.22,-26.04,0.0,0.0
2023-02-24 03:27:00,-17.22,-26.01,0.0,-17.22,-26.01,0.0,0.0
2023-02-24 03:28:00,-17.21,-26.02,0.0,-17.21,-26.02,0.0,0.0
2023-02-24 03:29:00,-17.25,-26.02,0.0,-17.25,-26.02,0.0,0.0
2023-02-24 03:30:00,-17.19,-26.02,0.0,-17.19,-26.02,0.0,0.0
2023-02-24 03:31:00,-17.23,-26.0,0.0,-17.23,-26.0,0.0,0.0
2023-02-24 03:32:00,-17.23,-26.01,0.0,-17.23,-26.01,0.0,0.0
